{"accuracy": 0.6513333333333333, "classification_report": {"airplane": {"precision": 0.7732793522267206, "recall": 0.5895061728395061, "f1-score": 0.6690017513134852, "support": 324.0}, "automobile": {"precision": 0.8129496402877698, "recall": 0.7174603174603175, "f1-score": 0.7622259696458684, "support": 315.0}, "bird": {"precision": 0.5185185185185185, "recall": 0.6086956521739131, "f1-score": 0.56, "support": 276.0}, "cat": {"precision": 0.41849148418491483, "recall": 0.5972222222222222, "f1-score": 0.49213161659513593, "support": 288.0}, "deer": {"precision": 0.6073825503355704, "recall": 0.6219931271477663, "f1-score": 0.6146010186757216, "support": 291.0}, "dog": {"precision": 0.675, "recall": 0.4440789473684211, "f1-score": 0.5357142857142857, "support": 304.0}, "frog": {"precision": 0.8436018957345972, "recall": 0.5836065573770491, "f1-score": 0.689922480620155, "support": 305.0}, "horse": {"precision": 0.7035830618892508, "recall": 0.7632508833922261, "f1-score": 0.7322033898305085, "support": 283.0}, "ship": {"precision": 0.6666666666666666, "recall": 0.8301886792452831, "f1-score": 0.7394957983193278, "support": 318.0}, "truck": {"precision": 0.6798780487804879, "recall": 0.7533783783783784, "f1-score": 0.7147435897435898, "support": 296.0}, "accuracy": 0.6513333333333333, "macro avg": {"precision": 0.6699351218624497, "recall": 0.6509380937605082, "f1-score": 0.6510039900458078, "support": 3000.0}, "weighted avg": {"precision": 0.6739543715562857, "recall": 0.6513333333333333, "f1-score": 0.6530737916920082, "support": 3000.0}}}